{
  "admin": true,
  "aircraft_id": "a1234",
  "callsign": "A-1234",
  "backend_info": {
    "google_api_service_account": "{}",
    "google_api_key": "NONE",
    "google_calendar_id": "NONE",
    "flightlog_spreadsheet_id": "NONE",
    "flightlog_sheet_name": "NONE",
    "activities_spreadsheet_id": "NONE",
    "activities_sheet_name": "NONE"
  },
  "no_pilot_name": "(maintenance)",
  "pilot_names": [
    "Mike",
    "John",
    "Claudia",
    "Anna",
    "Simon"
  ],
  "location": {
    "name": "Fly Berlin",
    "latitude": 52.8844253,
    "longitude": 12.7143166,
    "timezone": "Europe/Berlin"
  },
  "fuel_prices": [
    {
      "label": "Super",
      "value": 1.5
    },
    {
      "label": "Premium",
      "value": 2.2
    }
  ]
}
